[
  {
    "_id": 1,
    "title": "Web Development Fundamentals",
    "description": "Learn the core technologies that power the web: HTML, CSS, and JavaScript. This comprehensive course takes you from the basics to building responsive websites.",
    "instructor": "Sarah Johnson",
    "duration": "8 weeks",
    "rating": 4.8,
    "image": "https://images.unsplash.com/photo-1498050108023-c5249f4df085?ixlib=rb-4.0.3&ixid=M3wxMjA3fDB8MHxwaG90by1wYWdlfHx8fGVufDB8fHx8fA%3D%3D&auto=format&fit=crop&w=2072&q=80",
    "topics": [
      "HTML",
      "CSS",
      "JavaScript",
      "Responsive Design"
    ],
    "price": 0
  },
  {
    "_id": 2,
    "title": "React.js for Beginners",
    "description": "Master React.js, the popular JavaScript library for building user interfaces. Learn component-based architecture, state management, and modern React patterns.",
    "instructor": "Michael Chen",
    "duration": "10 weeks",
    "rating": 4.9,
    "image": "https://images.unsplash.com/photo-1633356122544-f134324a6cee?ixlib=rb-4.0.3&ixid=M3wxMjA3fDB8MHxwaG90by1wYWdlfHx8fGVufDB8fHx8fA%3D%3D&auto=format&fit=crop&w=2070&q=80",
    "topics": [
      "React",
      "JSX",
      "Hooks",
      "Context API",
      "Redux"
    ],
    "price": 0
  },
  {
    "_id": 3,
    "title": "Node.js Backend Development",
    "description": "Build scalable and robust backend systems with Node.js. Learn server-side JavaScript, RESTful APIs, database integration, and deployment strategies.",
    "instructor": "Alex Rodriguez",
    "duration": "12 weeks",
    "rating": 4.7,
    "image": "https://images.unsplash.com/photo-1627398242454-45a1465c2479?ixlib=rb-4.0.3&ixid=M3wxMjA3fDB8MHxwaG90by1wYWdlfHx8fGVufDB8fHx8fA%3D%3D&auto=format&fit=crop&w=2074&q=80",
    "topics": [
      "Node.js",
      "Express",
      "MongoDB",
      "RESTful APIs",
      "Authentication"
    ],
    "price": 0
  }
]